file_no,filename,title(目次見出し),printed_page_number(推定)
1,p01_表紙.jpg,表紙,-
2,p02_目次.jpg,目次,1
3,p03_目次.jpg,目次,2
4,p04_【特集】環境配慮なパッケージ.jpg,【特集】環境配慮なパッケージ,3
5,p05_【特集】環境配慮なパッケージ.jpg,【特集】環境配慮なパッケージ,4
6,p06_【特集】環境配慮なパッケージ.jpg,【特集】環境配慮なパッケージ,5
7,p07_食品フィルム.jpg,食品フィルム,6
8,p08_アイビス16Φ.jpg,アイビス16Φ,7
9,p09_アイビス16Φ.jpg,アイビス16Φ,8
10,p10_スワン16Φ.jpg,スワン16Φ,9
11,p11_シールアップパウチ16Φ.jpg,シールアップパウチ16Φ,10
12,p12_ロビン8.7Φ.jpg,ロビン8.7Φ,11
13,p13_スワロー9.5Φ.jpg,スワロー9.5Φ,12
14,p14_ダック10Φ.jpg,ダック10Φ,13
15,p15_アウル31Φ.jpg,アウル31Φ,14
16,p16_その他規格袋.jpg,その他規格袋,15
17,p17_スパウト付別注袋.jpg,スパウト付別注袋,16
18,p18_アラカルトシリーズ.jpg,アラカルトシリーズ,17
19,p19_ボックスパウチ.jpg,ボックスパウチ,18
20,p20_パウチ加飾加工.jpg,パウチ加飾加工,19
21,p21_バッグインボックス／バロンボックス.jpg,バッグインボックス／バロンボックス,20
22,p22_パウチ用充填機器.jpg,パウチ用充填機器,21
23,p23_パウチ用充填機器.jpg,パウチ用充填機器,22
24,p24_食品プラスチックボトル.jpg,食品プラスチックボトル,23
25,p25_Cシリーズ.jpg,Cシリーズ,24
26,p26_FY＆AYシリーズ.jpg,FY＆AYシリーズ,25
27,p27_小容量.jpg,小容量,26
28,p28_その他.jpg,その他,27
29,p29_容量別製品一覧.jpg,容量別製品一覧,28
30,p30_調味料100~280㎖.jpg,調味料100~280㎖,29
31,p31_調味料300~360㎖.jpg,調味料300~360㎖,30
32,p32_調味料400~870㎖.jpg,調味料400~870㎖,31
33,"p33_調味料1,000~1,800㎖.jpg","調味料1,000~1,800㎖",32
34,p34_広口・粉末ボトル.jpg,広口・粉末ボトル,33
35,p35_単層・多層ボトル.jpg,単層・多層ボトル,34
36,p36_チューブ.jpg,チューブ,35
37,p37_密封ボトル.jpg,密封ボトル,36
38,p38_飲料PET.jpg,飲料PET,37
39,p39_飲料PE／PE.jpg,飲料PE／PE,38
40,p40_食品ガラスボトル.jpg,食品ガラスボトル,39
41,p41_調味料30~120㎖.jpg,調味料30~120㎖,40
42,p42_調味料150~155㎖.jpg,調味料150~155㎖,41
43,p43_調味料180~200㎖.jpg,調味料180~200㎖,42
44,p44_調味料200~250㎖.jpg,調味料200~250㎖,43
45,p45_調味料275~324㎖.jpg,調味料275~324㎖,44
46,p46_調味料360~400㎖.jpg,調味料360~400㎖,45
47,"p47_調味料500~1,000㎖.jpg","調味料500~1,000㎖",46
48,p48_粉末.jpg,粉末,47
49,p49_飲料.jpg,飲料,48
50,p50_ジャム・ペースト30~115㎖.jpg,ジャム・ペースト30~115㎖,49
51,p51_ジャム・ペースト118~148㎖.jpg,ジャム・ペースト118~148㎖,50
52,p52_ジャム150~238㎖.jpg,ジャム150~238㎖,51
53,p53_ジャム・ペースト250~927.5㎖.jpg,ジャム・ペースト250~927.5㎖,52
54,p54_スイーツ.jpg,スイーツ,53
55,p55_酒類プラスチック・ガラス.jpg,酒類プラスチック・ガラス,54
56,p56_プラスチック　ボトル.jpg,プラスチック　ボトル,55
57,p57_ガラス　カップ・オリジナル.jpg,ガラス　カップ・オリジナル,56
58,p58_ガラス　90~275㎖.jpg,ガラス　90~275㎖,57
59,p59_ガラス　300~600㎖.jpg,ガラス　300~600㎖,58
60,p60_ガラス　720㎖.jpg,ガラス　720㎖,59
61,"p61_ガラス　720~1,800㎖.jpg","ガラス　720~1,800㎖",60
62,p62_ガラス　ワイン・洋雑酒.jpg,ガラス　ワイン・洋雑酒,61
63,p63_酒器.jpg,酒器,62
64,p64_塗り物・その他.jpg,塗り物・その他,63
65,p65_キャップ・その他.jpg,キャップ・その他,64
66,p66_プラスチックボトル用キャップ.jpg,プラスチックボトル用キャップ,65
67,p67_プラスチックボトル用キャップ.jpg,プラスチックボトル用キャップ,66
68,p68_ガラスボトル用キャップ.jpg,ガラスボトル用キャップ,67
69,p69_ガラスボトル用キャップ.jpg,ガラスボトル用キャップ,68
70,p70_ラベル・加飾加工.jpg,ラベル・加飾加工,69
71,p71_パッケージ（紙器・クリアケース）.jpg,パッケージ（紙器・クリアケース）,70
72,p72_物流資材.jpg,物流資材,71
73,p73_省エネ設備.jpg,省エネ設備,72
74,p74_EC・ミラクルきなっこ.jpg,EC・ミラクルきなっこ,73
75,p75_各樹脂の特性・成形方法.jpg,各樹脂の特性・成形方法,74
76,p76_会社概要.jpg,会社概要,75
77,p77_会社概要.jpg,会社概要,76
78,p78_裏表紙.jpg,裏表紙,77
